Size,EntryBar,ExitBar,EntryPrice,ExitPrice,PnL,ReturnPct,EntryTime,ExitTime,Duration
-13,2,7,72212.286,72350.0,-1790.2820000000938,-0.0019070716027465018,2024-03-11 18:30:00,2024-03-11 19:45:00,0 days 01:15:00
-13,8,9,71931.848,72328.0,-5149.976000000024,-0.0055073240993335215,2024-03-11 20:00:00,2024-03-11 20:15:00,0 days 00:15:00
13,10,15,72485.682,72290.0,-2543.866000000009,-0.0026995952110928645,2024-03-11 20:30:00,2024-03-11 21:45:00,0 days 01:15:00
-13,16,25,72134.442,72039.0,1240.745999999941,0.001323112751048905,2024-03-11 22:00:00,2024-03-12 00:15:00,0 days 02:15:00
-13,26,27,71844.024,72005.0,-2092.6879999999364,-0.002240631732988607,2024-03-12 00:30:00,2024-03-12 00:45:00,0 days 00:15:00
13,28,29,72223.158,71863.0,-4682.0539999999455,-0.004986738464136331,2024-03-12 01:00:00,2024-03-12 01:15:00,0 days 00:15:00
-13,30,32,71479.754,72360.0,-11443.19799999999,-0.012314619885233524,2024-03-12 01:30:00,2024-03-12 02:00:00,0 days 00:30:00
13,33,37,72404.52,71684.0,-9366.760000000053,-0.009951312431875858,2024-03-12 02:15:00,2024-03-12 03:15:00,0 days 01:00:00
-13,38,41,71521.67,71962.0,-5724.290000000023,-0.00615659561640558,2024-03-12 03:30:00,2024-03-12 04:15:00,0 days 00:45:00
13,42,45,72196.104,71886.0,-4031.3520000000863,-0.004295301031756571,2024-03-12 04:30:00,2024-03-12 05:15:00,0 days 00:45:00
-13,46,47,71651.41,71968.0,-4115.669999999955,-0.004418475505227226,2024-03-12 05:30:00,2024-03-12 05:45:00,0 days 00:15:00
13,48,54,72095.904,71724.0,-4834.751999999935,-0.005158462261600771,2024-03-12 06:00:00,2024-03-12 07:30:00,0 days 01:30:00
13,55,59,72330.372,71916.0,-5386.836000000039,-0.005728879702153411,2024-03-12 07:45:00,2024-03-12 08:45:00,0 days 01:00:00
12,60,61,72546.804,71853.0,-8325.648000000045,-0.009563536389556204,2024-03-12 09:00:00,2024-03-12 09:15:00,0 days 00:15:00
12,62,63,72325.362,71932.0,-4720.343999999925,-0.005438783700799088,2024-03-12 09:30:00,2024-03-12 09:45:00,0 days 00:15:00
-12,64,65,71641.43,72060.0,-5022.840000000084,-0.005842569027446842,2024-03-12 10:00:00,2024-03-12 10:15:00,0 days 00:15:00
12,66,67,72287.28600000001,72000.0,-3447.432000000088,-0.003974225841042234,2024-03-12 10:30:00,2024-03-12 10:45:00,0 days 00:15:00
-12,68,80,71672.368,71548.0,1492.4160000000265,0.0017352293983087241,2024-03-12 11:00:00,2024-03-12 14:00:00,0 days 03:00:00
12,81,85,71764.242,71289.0,-5702.90399999998,-0.006622267396066084,2024-03-12 14:15:00,2024-03-12 15:15:00,0 days 01:00:00
-12,86,95,70880.954,71367.0,-5832.552000000025,-0.0068572158326198895,2024-03-12 15:30:00,2024-03-12 17:45:00,0 days 02:15:00
-12,96,98,71119.476,71578.0,-5502.288000000059,-0.006447235353646441,2024-03-12 18:00:00,2024-03-12 18:30:00,0 days 00:30:00
12,99,121,71651.016,72217.0,6791.807999999961,0.007899176195910407,2024-03-12 18:45:00,2024-03-13 00:15:00,0 days 05:30:00
12,122,148,72397.506,73179.0,9377.928000000073,0.010794487865369407,2024-03-13 00:30:00,2024-03-13 07:00:00,0 days 06:30:00
12,149,150,73435.578,73113.0,-3870.9359999999288,-0.004392666453854166,2024-03-13 07:15:00,2024-03-13 07:30:00,0 days 00:15:00
-12,151,168,72654.4,73057.0,-4831.20000000007,-0.0055413023849897325,2024-03-13 07:45:00,2024-03-13 12:00:00,0 days 04:15:00
12,169,170,73140.99,72840.0,-3611.880000000063,-0.004115202706444165,2024-03-13 12:15:00,2024-03-13 12:30:00,0 days 00:15:00
-12,171,174,72786.136,73034.0,-2974.3680000000168,-0.0034053737926134087,2024-03-13 12:45:00,2024-03-13 13:30:00,0 days 00:45:00
12,175,178,73278.264,72841.0,-5247.167999999947,-0.005967171929727955,2024-03-13 13:45:00,2024-03-13 14:30:00,0 days 00:45:00
-12,179,180,72759.19,73407.0,-7773.719999999972,-0.008903480096466243,2024-03-13 14:45:00,2024-03-13 15:00:00,0 days 00:15:00
12,181,191,73595.898,72936.0,-7918.776000000013,-0.008966505171252859,2024-03-13 15:15:00,2024-03-13 17:45:00,0 days 02:30:00
12,192,199,73153.014,72972.0,-2172.167999999947,-0.0024744571700080487,2024-03-13 18:00:00,2024-03-13 19:45:00,0 days 01:45:00
-12,200,204,72763.182,72999.0,-2829.8159999999916,-0.00324089729885646,2024-03-13 20:00:00,2024-03-13 21:00:00,0 days 01:00:00
-12,205,206,72810.088,73190.0,-4558.9439999999595,-0.005217848383866741,2024-03-13 21:15:00,2024-03-13 21:30:00,0 days 00:15:00
11,207,215,73322.352,73007.0,-3468.8719999999885,-0.004300898585468116,2024-03-13 21:45:00,2024-03-13 23:45:00,0 days 02:00:00
11,216,217,73195.098,72857.0,-3719.0779999999795,-0.004619134467174213,2024-03-14 00:00:00,2024-03-14 00:15:00,0 days 00:15:00
11,218,226,73185.078,73419.0,2573.1420000000653,0.003196307312810509,2024-03-14 00:30:00,2024-03-14 02:30:00,0 days 02:00:00
11,227,228,73635.978,73342.0,-3233.7580000000307,-0.003992314735060676,2024-03-14 02:45:00,2024-03-14 03:00:00,0 days 00:15:00
-11,229,230,73252.202,73598.0,-3803.7779999999475,-0.004720649899370821,2024-03-14 03:15:00,2024-03-14 03:30:00,0 days 00:15:00
11,231,232,73611.93,73423.0,-2078.229999999923,-0.002566567674560316,2024-03-14 03:45:00,2024-03-14 04:00:00,0 days 00:15:00
11,233,235,73676.058,73385.0,-3201.63800000005,-0.003950509947207026,2024-03-14 04:15:00,2024-03-14 04:45:00,0 days 00:30:00
-11,236,286,73276.154,71687.0,17480.693999999945,0.021687191715875187,2024-03-14 05:00:00,2024-03-14 17:30:00,0 days 12:30:00
12,287,302,71690.094,70749.0,-11293.127999999968,-0.013127252978633264,2024-03-14 17:45:00,2024-03-14 21:30:00,0 days 03:45:00
-12,303,313,69632.456,68100.0,18389.472000000067,0.022007783267044445,2024-03-14 21:45:00,2024-03-15 00:15:00,0 days 02:30:00
-13,314,317,67749.23,67888.0,-1804.010000000053,-0.002048288962103406,2024-03-15 00:30:00,2024-03-15 01:15:00,0 days 00:45:00
12,318,326,68645.016,67763.0,-10584.19200000004,-0.012848944488555447,2024-03-15 01:30:00,2024-03-15 03:30:00,0 days 02:00:00
-12,327,331,67479.77,67644.0,-1970.759999999951,-0.0024337664458546904,2024-03-15 03:45:00,2024-03-15 04:45:00,0 days 01:00:00
12,332,333,68029.788,67524.0,-6069.456000000006,-0.007434801942937108,2024-03-15 05:00:00,2024-03-15 05:15:00,0 days 00:15:00
12,334,335,67920.57,67645.0,-3306.840000000084,-0.004057239213393071,2024-03-15 05:30:00,2024-03-15 05:45:00,0 days 00:15:00
-12,336,340,67177.376,67842.0,-7975.487999999954,-0.009893568930111174,2024-03-15 06:00:00,2024-03-15 07:00:00,0 days 01:00:00
12,341,357,67790.31,67691.0,-1191.719999999972,-0.0014649586349435584,2024-03-15 07:15:00,2024-03-15 11:15:00,0 days 04:00:00
12,358,373,68166.06,67948.0,-2616.719999999972,-0.0031989526752755904,2024-03-15 11:30:00,2024-03-15 15:15:00,0 days 03:45:00
12,374,375,68588.904,67715.0,-10486.84799999994,-0.012741186242019475,2024-03-15 15:30:00,2024-03-15 15:45:00,0 days 00:15:00
-12,376,377,67815.098,68242.0,-5122.824000000022,-0.006295087857869142,2024-03-15 16:00:00,2024-03-15 16:15:00,0 days 00:15:00
-12,378,380,67921.884,68355.0,-5197.391999999934,-0.006376678244083944,2024-03-15 16:30:00,2024-03-15 17:00:00,0 days 00:30:00
12,381,409,68565.858,68831.0,3181.704000000085,0.003866968309504726,2024-03-15 17:15:00,2024-03-16 00:15:00,0 days 07:00:00
-12,410,411,68704.316,69077.0,-4472.207999999926,-0.005424462707699362,2024-03-16 00:30:00,2024-03-16 00:45:00,0 days 00:15:00
11,412,424,69177.078,69095.0,-902.8579999999347,-0.0011864912825603202,2024-03-16 01:00:00,2024-03-16 04:00:00,0 days 03:00:00
-11,425,505,68947.828,66504.0,26882.107999999935,0.03544459732654659,2024-03-16 04:15:00,2024-03-17 00:15:00,0 days 20:00:00
12,506,507,66629.994,66223.0,-4883.928000000073,-0.006108270098298507,2024-03-17 00:30:00,2024-03-17 00:45:00,0 days 00:15:00
-12,508,516,66179.376,65720.0,5512.512000000046,0.006941377023561013,2024-03-17 01:00:00,2024-03-17 03:00:00,0 days 02:00:00
-13,517,518,65373.99,65822.0,-5824.1300000000265,-0.006853031304957957,2024-03-17 03:15:00,2024-03-17 03:30:00,0 days 00:15:00
12,519,605,66505.746,68661.0,25863.04800000001,0.03240703442376236,2024-03-17 03:45:00,2024-03-18 01:15:00,0 days 21:30:00
-12,606,607,68402.92,68707.0,-3648.960000000021,-0.0044454242596660976,2024-03-18 01:30:00,2024-03-18 01:45:00,0 days 00:15:00
-12,608,626,68408.908,68452.0,-517.1040000000503,-0.0006299179633155738,2024-03-18 02:00:00,2024-03-18 06:30:00,0 days 04:30:00
12,627,634,68567.862,68030.0,-6454.343999999925,-0.007844228831285327,2024-03-18 06:45:00,2024-03-18 08:30:00,0 days 01:45:00
-12,635,672,67552.624,67736.0,-2200.512000000046,-0.0027145651662621173,2024-03-18 08:45:00,2024-03-18 18:00:00,0 days 09:15:00
12,673,676,67977.684,67642.0,-4028.207999999926,-0.004938149996401631,2024-03-18 18:15:00,2024-03-18 19:00:00,0 days 00:45:00
12,677,679,68045.82,67446.0,-7197.840000000084,-0.008814942637181966,2024-03-18 19:15:00,2024-03-18 19:45:00,0 days 00:30:00
-12,680,700,66988.754,65258.0,20769.04800000001,0.025836485927175246,2024-03-18 20:00:00,2024-03-19 01:00:00,0 days 05:00:00
13,701,702,65591.922,65037.0,-7213.986000000077,-0.008460218622653004,2024-03-19 01:15:00,2024-03-19 01:30:00,0 days 00:15:00
-13,703,708,64720.3,64769.0,-633.0999999999622,-0.0007524686999287322,2024-03-19 01:45:00,2024-03-19 03:00:00,0 days 01:15:00
-13,709,716,64301.14,64210.0,1184.8199999999924,0.001417393221955332,2024-03-19 03:15:00,2024-03-19 05:00:00,0 days 01:45:00
-13,717,739,63592.56,64025.0,-5621.72000000003,-0.006800166560364973,2024-03-19 05:15:00,2024-03-19 10:45:00,0 days 05:30:00
13,740,757,64268.28,63836.0,-5619.639999999985,-0.006726179695488943,2024-03-19 11:00:00,2024-03-19 15:15:00,0 days 04:15:00
-13,758,763,63661.422,63977.0,-4102.514000000017,-0.0049571308664766445,2024-03-19 15:30:00,2024-03-19 16:45:00,0 days 01:15:00
13,764,765,64164.072,63574.0,-7670.9360000000015,-0.00919629913762332,2024-03-19 17:00:00,2024-03-19 17:15:00,0 days 00:15:00
-13,766,795,62964.818,61472.0,19406.63399999999,0.02370876383697318,2024-03-19 17:30:00,2024-03-20 00:45:00,0 days 07:15:00
13,796,838,61648.05,62637.0,12856.349999999962,0.016041869937491793,2024-03-20 01:00:00,2024-03-20 11:30:00,0 days 10:30:00
-13,839,841,62995.756,63699.0,-9142.171999999984,-0.01116335519491174,2024-03-20 11:45:00,2024-03-20 12:15:00,0 days 00:30:00
13,842,907,64256.256,66751.0,32431.671999999984,0.03882492002023885,2024-03-20 12:30:00,2024-03-21 04:45:00,0 days 16:15:00
-13,908,909,66731.27,67008.0,-3597.489999999947,-0.00414693141611111,2024-03-21 05:00:00,2024-03-21 05:15:00,0 days 00:15:00
-13,910,912,66784.164,66998.0,-2779.867999999944,-0.0032018967849922753,2024-03-21 05:30:00,2024-03-21 06:00:00,0 days 00:30:00
13,913,914,67241.214,66888.0,-4591.782000000094,-0.005252939067994955,2024-03-21 06:15:00,2024-03-21 06:30:00,0 days 00:15:00
13,915,923,67334.4,67072.0,-3411.1999999999243,-0.0038969679688242165,2024-03-21 06:45:00,2024-03-21 08:45:00,0 days 02:00:00
-13,924,925,66606.52,67082.0,-6181.239999999947,-0.007138640481442193,2024-03-21 09:00:00,2024-03-21 09:15:00,0 days 00:15:00
12,926,928,67322.376,66881.0,-5296.512000000046,-0.006556156009704717,2024-03-21 09:30:00,2024-03-21 10:00:00,0 days 00:30:00
-13,929,984,66241.252,66195.0,601.2759999999107,0.0006982355949430863,2024-03-21 10:15:00,2024-03-22 00:00:00,0 days 13:45:00
-13,985,986,65902.93,66258.0,-4615.910000000091,-0.005387772592205131,2024-03-22 00:15:00,2024-03-22 00:30:00,0 days 00:15:00
12,987,993,66456.648,66334.0,-1471.7760000000126,-0.0018455339486879163,2024-03-22 00:45:00,2024-03-22 02:15:00,0 days 01:30:00
-13,994,1067,66173.388,64109.0,26837.04400000008,0.031196649625979678,2024-03-22 02:30:00,2024-03-22 20:45:00,0 days 18:15:00
13,1068,1070,64270.284,63920.0,-4553.6919999999955,-0.005450170408458077,2024-03-22 21:00:00,2024-03-22 21:30:00,0 days 00:30:00
-13,1071,1079,63748.248,64016.0,-3480.7760000000053,-0.004200146802465943,2024-03-22 21:45:00,2024-03-22 23:45:00,0 days 02:00:00
-13,1080,1082,63776.192,64012.0,-3065.5039999999644,-0.003697429912403738,2024-03-23 00:00:00,2024-03-23 00:30:00,0 days 00:30:00
13,1083,1094,64223.19,64403.0,2337.5299999999697,0.0027997674983133436,2024-03-23 00:45:00,2024-03-23 03:30:00,0 days 02:45:00
13,1095,1097,64607.958,64231.0,-4900.453999999983,-0.0058345444070527774,2024-03-23 03:45:00,2024-03-23 04:15:00,0 days 00:30:00
-13,1098,1099,64277.188,64504.0,-2948.555999999975,-0.003528654676057119,2024-03-23 04:30:00,2024-03-23 04:45:00,0 days 00:15:00
13,1100,1104,64636.014,64339.0,-3861.182000000037,-0.004595178161821756,2024-03-23 05:00:00,2024-03-23 06:00:00,0 days 01:00:00
-13,1105,1106,64301.14,64590.0,-3755.1800000000076,-0.004492299825477497,2024-03-23 06:15:00,2024-03-23 06:30:00,0 days 00:15:00
13,1107,1115,64723.188,64370.0,-4591.444000000025,-0.005456900546987886,2024-03-23 06:45:00,2024-03-23 08:45:00,0 days 02:00:00
13,1116,1139,64742.226,64840.0,1271.061999999969,0.0015102044838557482,2024-03-23 09:00:00,2024-03-23 14:45:00,0 days 05:45:00
13,1140,1152,65056.854,64755.0,-3924.1019999999917,-0.00463984932317818,2024-03-23 15:00:00,2024-03-23 18:00:00,0 days 03:00:00
-13,1153,1178,64526.688,64331.0,2543.944000000025,0.0030326676614799153,2024-03-23 18:15:00,2024-03-24 00:30:00,0 days 06:15:00
13,1179,1182,64446.636,64324.0,-1594.2679999999818,-0.0019029077018076768,2024-03-24 00:45:00,2024-03-24 01:30:00,0 days 00:45:00
-13,1183,1187,64081.58,64424.0,-4451.459999999977,-0.005343501205806733,2024-03-24 01:45:00,2024-03-24 02:45:00,0 days 01:00:00
13,1188,1224,64741.224,65286.0,7082.087999999974,0.008414669453886026,2024-03-24 03:00:00,2024-03-24 12:00:00,0 days 09:00:00
-13,1225,1227,64781.178,65475.0,-9019.686000000002,-0.010710240557836093,2024-03-24 12:15:00,2024-03-24 12:45:00,0 days 00:30:00
12,1228,1273,65519.778,67539.0,24230.66400000002,0.030818511015101357,2024-03-24 13:00:00,2024-03-25 00:15:00,0 days 11:15:00
12,1274,1275,67788.306,67548.0,-2883.6719999999623,-0.0035449477082374337,2024-03-25 00:30:00,2024-03-25 00:45:00,0 days 00:15:00
-12,1276,1293,67313.104,67378.0,-778.7519999999204,-0.0009640916276865141,2024-03-25 01:00:00,2024-03-25 05:15:00,0 days 04:15:00
-13,1294,1302,67007.716,67158.0,-1953.6919999999955,-0.0022427864874545733,2024-03-25 05:30:00,2024-03-25 07:30:00,0 days 02:00:00
-12,1303,1304,66987.756,67157.0,-2030.9280000000726,-0.002526491557651278,2024-03-25 07:45:00,2024-03-25 08:00:00,0 days 00:15:00
-12,1305,1307,66884.962,67233.0,-4176.456000000006,-0.005203531400675754,2024-03-25 08:15:00,2024-03-25 08:45:00,0 days 00:30:00
12,1308,1369,68230.188,70600.0,28437.744000000064,0.03473260252485311,2024-03-25 09:00:00,2024-03-26 00:15:00,0 days 15:15:00
-12,1370,1374,70265.188,70421.0,-1869.7440000000643,-0.0022174849941341,2024-03-26 00:30:00,2024-03-26 01:30:00,0 days 01:00:00
12,1375,1380,70576.872,70537.0,-478.4640000000363,-0.0005649442780633063,2024-03-26 01:45:00,2024-03-26 03:00:00,0 days 01:15:00
12,1381,1382,70803.324,70611.0,-2307.887999999919,-0.002716313149365601,2024-03-26 03:15:00,2024-03-26 03:30:00,0 days 00:15:00
12,1383,1395,70903.524,70705.0,-2382.2880000000587,-0.002799917250939532,2024-03-26 03:45:00,2024-03-26 06:45:00,0 days 03:00:00
12,1396,1403,70903.524,70595.0,-3702.2880000000587,-0.004351321099357541,2024-03-26 07:00:00,2024-03-26 08:45:00,0 days 01:45:00
-12,1404,1440,70288.142,70369.0,-970.2959999999148,-0.001150378964349219,2024-03-26 09:00:00,2024-03-26 18:00:00,0 days 09:00:00
12,1441,1442,70492.704,70216.0,-3320.447999999975,-0.003925285657931377,2024-03-26 18:15:00,2024-03-26 18:30:00,0 days 00:15:00
-12,1443,1447,69957.804,70540.0,-6986.351999999955,-0.008322102277538601,2024-03-26 18:45:00,2024-03-26 19:45:00,0 days 01:00:00
12,1448,1453,70876.47,70286.0,-7085.640000000014,-0.008330973593916324,2024-03-26 20:00:00,2024-03-26 21:15:00,0 days 01:15:00
12,1454,1464,70629.978,70288.0,-4103.7360000000335,-0.004841825095853847,2024-03-26 21:30:00,2024-03-27 00:00:00,0 days 02:30:00
12,1465,1470,70574.868,70461.0,-1366.4160000000265,-0.0016134355362875663,2024-03-27 00:15:00,2024-03-27 01:30:00,0 days 01:15:00
-12,1471,1484,70238.242,70127.0,1334.9039999999804,0.0015837810974824729,2024-03-27 01:45:00,2024-03-27 05:00:00,0 days 03:15:00
12,1485,1495,70242.204,70101.0,-1694.4479999999749,-0.0020102444393685914,2024-03-27 05:15:00,2024-03-27 07:45:00,0 days 02:30:00
12,1496,1500,70407.534,70020.0,-4650.407999999996,-0.005504155279746015,2024-03-27 08:00:00,2024-03-27 09:00:00,0 days 01:00:00
-12,1501,1542,69162.398,69911.0,-8983.223999999987,-0.010823829445589794,2024-03-27 09:15:00,2024-03-27 19:30:00,0 days 10:15:00
-12,1543,1544,69540.64,69796.0,-3064.320000000007,-0.0036720973519943634,2024-03-27 19:45:00,2024-03-27 20:00:00,0 days 00:15:00
-12,1545,1560,69565.59,69761.0,-2344.920000000042,-0.00280900370427406,2024-03-27 20:15:00,2024-03-28 00:00:00,0 days 03:45:00
-12,1561,1562,69558.604,69862.0,-3640.7519999999204,-0.004361732158971954,2024-03-28 00:15:00,2024-03-28 00:30:00,0 days 00:15:00
11,1563,1564,69954.63,69760.0,-2140.930000000051,-0.0027822318551324887,2024-03-28 00:45:00,2024-03-28 01:00:00,0 days 00:15:00
11,1565,1608,70163.046,70771.0,6687.493999999977,0.008664874669209732,2024-03-28 01:15:00,2024-03-28 12:00:00,0 days 10:45:00
-11,1609,1612,70542.632,70901.0,-3942.0480000000243,-0.00508016202174022,2024-03-28 12:15:00,2024-03-28 13:00:00,0 days 00:45:00
11,1613,1616,71167.05,70656.0,-5621.550000000032,-0.007180991765149747,2024-03-28 13:15:00,2024-03-28 14:00:00,0 days 00:45:00
11,1617,1618,70969.656,70784.0,-2042.2160000000295,-0.002615991262519324,2024-03-28 14:15:00,2024-03-28 14:30:00,0 days 00:15:00
11,1619,1621,71094.906,70754.0,-3749.9660000000295,-0.004795083349572238,2024-03-28 14:45:00,2024-03-28 15:15:00,0 days 00:30:00
-11,1622,1623,70572.572,70859.0,-3150.7079999999987,-0.00405863059660061,2024-03-28 15:30:00,2024-03-28 15:45:00,0 days 00:15:00
-11,1624,1625,70608.5,70892.0,-3118.5,-0.004015097332474182,2024-03-28 16:00:00,2024-03-28 16:15:00,0 days 00:15:00
11,1626,1629,71109.936,70792.0,-3497.2960000000166,-0.0044710488840827844,2024-03-28 16:30:00,2024-03-28 17:15:00,0 days 00:45:00
11,1630,1637,71065.848,70808.0,-2836.3279999999795,-0.0036282969563664613,2024-03-28 17:30:00,2024-03-28 19:15:00,0 days 01:45:00
-11,1638,1640,70669.378,70833.0,-1799.8420000000333,-0.0023153168264762325,2024-03-28 19:30:00,2024-03-28 20:00:00,0 days 00:30:00
11,1641,1646,71041.8,70742.0,-3297.800000000032,-0.004220050730696645,2024-03-28 20:15:00,2024-03-28 21:30:00,0 days 01:15:00
-11,1647,1657,70597.522,70533.0,709.7419999999693,0.0009139414270092905,2024-03-28 21:45:00,2024-03-29 00:15:00,0 days 02:30:00
-11,1658,1661,70277.164,70395.0,-1296.1959999999526,-0.0016767324304662878,2024-03-29 00:30:00,2024-03-29 01:15:00,0 days 00:45:00
11,1662,1666,70546.812,70356.0,-2098.932000000059,-0.0027047572326869274,2024-03-29 01:30:00,2024-03-29 02:30:00,0 days 01:00:00
-11,1667,1680,69939.84,70206.0,-2927.7600000000384,-0.0038055563181156327,2024-03-29 02:45:00,2024-03-29 06:00:00,0 days 03:15:00
11,1681,1685,70325.37,70046.0,-3073.069999999949,-0.0039725350893994316,2024-03-29 06:15:00,2024-03-29 07:15:00,0 days 01:00:00
-11,1686,1688,69970.778,70249.0,-3060.4419999999373,-0.003976259918104574,2024-03-29 07:30:00,2024-03-29 08:00:00,0 days 00:30:00
11,1689,1696,70325.37,70179.0,-1610.0699999999488,-0.0020813257008103214,2024-03-29 08:15:00,2024-03-29 10:00:00,0 days 01:45:00
-11,1697,1730,70035.648,69969.0,733.1280000000115,0.0009516296615118547,2024-03-29 10:15:00,2024-03-29 18:30:00,0 days 08:15:00
11,1731,1733,70144.008,69913.0,-2541.088000000018,-0.0032933390404494833,2024-03-29 18:45:00,2024-03-29 19:15:00,0 days 00:30:00
-11,1734,1736,69725.27,70026.0,-3308.029999999955,-0.004313070426259946,2024-03-29 19:30:00,2024-03-29 20:00:00,0 days 00:30:00
11,1737,1747,70202.124,69961.0,-2652.3639999999577,-0.0034347108927929026,2024-03-29 20:15:00,2024-03-29 22:45:00,0 days 02:30:00
-11,1748,1750,69774.172,69986.0,-2330.1079999999347,-0.003035908473410398,2024-03-29 23:00:00,2024-03-29 23:30:00,0 days 00:30:00
11,1751,1753,70203.126,70234.0,339.61399999995774,0.0004397809863907476,2024-03-29 23:45:00,2024-03-30 00:15:00,0 days 00:30:00
-11,1754,1770,69938.842,70127.0,-2069.737999999954,-0.0026903219244036602,2024-03-30 00:30:00,2024-03-30 04:30:00,0 days 04:00:00
11,1771,1773,70300.32,70039.0,-2874.520000000077,-0.0037171950284153876,2024-03-30 04:45:00,2024-03-30 05:15:00,0 days 00:30:00
11,1774,1791,70243.206,70098.0,-1597.2660000000615,-0.0020671892453201224,2024-03-30 05:30:00,2024-03-30 09:45:00,0 days 04:15:00
-11,1792,1793,69959.8,70151.0,-2103.199999999968,-0.0027329980931907194,2024-03-30 10:00:00,2024-03-30 10:15:00,0 days 00:15:00
-11,1794,1800,69946.826,70247.0,-3301.9139999999898,-0.00429145991556501,2024-03-30 10:30:00,2024-03-30 12:00:00,0 days 01:30:00
-11,1801,1803,69947.824,70113.0,-1816.9360000000743,-0.002361417275825506,2024-03-30 12:15:00,2024-03-30 12:45:00,0 days 00:30:00
-10,1804,1835,69956.806,70069.0,-1121.9400000000314,-0.0016037610407770853,2024-03-30 13:00:00,2024-03-30 20:45:00,0 days 07:45:00
10,1836,1841,70215.15,69925.0,-2901.499999999942,-0.004132299083602242,2024-03-30 21:00:00,2024-03-30 22:15:00,0 days 01:15:00
-10,1842,1847,69843.034,70152.0,-3089.6600000000035,-0.0044237196224894415,2024-03-30 22:30:00,2024-03-30 23:45:00,0 days 01:15:00
10,1848,1854,70327.374,70305.0,-223.73999999996158,-0.0003181407000920622,2024-03-31 00:00:00,2024-03-31 01:30:00,0 days 01:30:00
10,1855,1856,70499.718,70301.0,-1987.1799999999348,-0.0028187063102861343,2024-03-31 01:45:00,2024-03-31 02:00:00,0 days 00:15:00
10,1857,1858,70493.706,70304.0,-1897.0600000000559,-0.002691105500964963,2024-03-31 02:15:00,2024-03-31 02:30:00,0 days 00:15:00
10,1859,1864,70490.7,70364.0,-1266.999999999971,-0.0017974002244267595,2024-03-31 02:45:00,2024-03-31 04:00:00,0 days 01:15:00
-10,1865,1867,70175.368,70402.0,-2266.319999999978,-0.0032295092488863197,2024-03-31 04:15:00,2024-03-31 04:45:00,0 days 00:30:00
-10,1868,1873,70197.324,70477.0,-2796.7600000000675,-0.003984140478061615,2024-03-31 05:00:00,2024-03-31 06:15:00,0 days 01:15:00
10,1874,1890,70610.94,70412.0,-1989.4000000000233,-0.0028174104465965577,2024-03-31 06:30:00,2024-03-31 10:30:00,0 days 04:00:00
-10,1891,1893,70325.068,70628.0,-3029.320000000007,-0.004307596261407198,2024-03-31 10:45:00,2024-03-31 11:15:00,0 days 00:30:00
10,1894,1938,70740.198,70690.0,-501.9800000000396,-0.000709610679913597,2024-03-31 11:30:00,2024-03-31 22:30:00,0 days 11:00:00
-10,1939,1945,70490.736,70520.0,-292.63999999995576,-0.0004151467506310347,2024-03-31 22:45:00,2024-04-01 00:15:00,0 days 01:30:00
-10,1946,1951,70316.086,69729.0,5870.859999999957,0.008349241736805402,2024-04-01 00:30:00,2024-04-01 01:45:00,0 days 01:15:00
10,1952,1957,69837.396,69522.0,-3153.9599999999336,-0.004516147767021472,2024-04-01 02:00:00,2024-04-01 03:15:00,0 days 01:15:00
-10,1958,1961,69314.094,69649.0,-3349.060000000027,-0.004831715754663124,2024-04-01 03:30:00,2024-04-01 04:15:00,0 days 00:45:00
-10,1962,1968,69426.868,69620.0,-1931.3199999999779,-0.0027818048770398285,2024-04-01 04:30:00,2024-04-01 06:00:00,0 days 01:30:00
10,1969,1971,69925.572,69595.0,-3305.720000000001,-0.004727483673640842,2024-04-01 06:15:00,2024-04-01 06:45:00,0 days 00:30:00
-10,1972,1973,69397.926,69665.0,-2670.7399999999325,-0.003848443539940849,2024-04-01 07:00:00,2024-04-01 07:15:00,0 days 00:15:00
10,1974,1982,69923.568,69498.0,-4255.679999999993,-0.006086188279179283,2024-04-01 07:30:00,2024-04-01 09:30:00,0 days 02:00:00
-10,1983,2002,68955.812,69418.0,-4621.879999999946,-0.006702669239831316,2024-04-01 09:45:00,2024-04-01 14:30:00,0 days 04:45:00
10,2003,2023,69552.828,69199.0,-3538.2799999999406,-0.005087183514665972,2024-04-01 14:45:00,2024-04-01 19:45:00,0 days 05:00:00
10,2024,2029,69526.776,69275.0,-2517.75999999998,-0.0036212811018304647,2024-04-01 20:00:00,2024-04-01 21:15:00,0 days 01:15:00
-10,2030,2043,68314.098,66610.0,17040.97999999998,0.024945041358812925,2024-04-01 21:30:00,2024-04-02 00:45:00,0 days 03:15:00
11,2044,2051,66941.616,66657.0,-3130.77599999994,-0.004251704948383561,2024-04-02 01:00:00,2024-04-02 02:45:00,0 days 01:45:00
-11,2052,2079,66410.912,66181.0,2529.031999999963,0.0034619611909559866,2024-04-02 03:00:00,2024-04-02 09:45:00,0 days 06:45:00
-11,2080,2096,65612.512,65872.0,-2854.367999999973,-0.0039548554397672575,2024-04-02 10:00:00,2024-04-02 14:00:00,0 days 04:00:00
11,2097,2104,66159.054,65714.0,-4895.594000000041,-0.0067270308913426335,2024-04-02 14:15:00,2024-04-02 16:00:00,0 days 01:45:00
-11,2105,2112,65628.48,65876.0,-2722.720000000045,-0.0037715333343086854,2024-04-02 16:15:00,2024-04-02 18:00:00,0 days 01:45:00
-11,2113,2124,65670.396,65877.0,-2272.644000000073,-0.0031460751355909533,2024-04-02 18:15:00,2024-04-02 21:00:00,0 days 02:45:00
10,2125,2137,66020.778,66317.0,2962.219999999943,0.004486799595121216,2024-04-02 21:15:00,2024-04-03 00:15:00,0 days 03:00:00
-11,2138,2141,66088.558,66219.0,-1434.86199999995,-0.0019737455914834445,2024-04-03 00:30:00,2024-04-03 01:15:00,0 days 00:45:00
10,2142,2148,66500.736,66217.0,-2837.3600000000442,-0.004266659544940987,2024-04-03 01:30:00,2024-04-03 03:00:00,0 days 01:30:00
-10,2149,2151,66007.72,66599.0,-5912.799999999988,-0.008957740094643452,2024-04-03 03:15:00,2024-04-03 03:45:00,0 days 00:30:00
10,2152,2159,66697.128,66174.0,-5231.27999999997,-0.00784333622281308,2024-04-03 04:00:00,2024-04-03 05:45:00,0 days 01:45:00
-10,2160,2165,66093.548,66151.0,-574.5200000000477,-0.000869252774869933,2024-04-03 06:00:00,2024-04-03 07:15:00,0 days 01:15:00
-10,2166,2173,65792.152,66655.0,-8628.479999999981,-0.013114755693049762,2024-04-03 07:30:00,2024-04-03 09:15:00,0 days 01:45:00
10,2174,2179,66938.61,65868.0,-10706.100000000006,-0.01599390844835291,2024-04-03 09:30:00,2024-04-03 10:45:00,0 days 01:15:00
-10,2180,2182,65733.27,66391.0,-6577.299999999959,-0.010006044123470392,2024-04-03 11:00:00,2024-04-03 11:30:00,0 days 00:30:00
10,2183,2186,66480.696,66095.0,-3856.9599999999627,-0.005801623978184511,2024-04-03 11:45:00,2024-04-03 12:30:00,0 days 00:45:00
-10,2187,2207,65887.96,66218.0,-3300.399999999936,-0.005009109403296019,2024-04-03 12:45:00,2024-04-03 17:45:00,0 days 05:00:00
10,2208,2212,66313.362,65992.0,-3213.619999999937,-0.004846112311422179,2024-04-03 18:00:00,2024-04-03 19:00:00,0 days 01:00:00
10,2213,2219,66357.45,66147.0,-2104.499999999971,-0.00317146002445845,2024-04-03 19:15:00,2024-04-03 20:45:00,0 days 01:30:00
10,2220,2221,66304.344,66097.0,-2073.439999999973,-0.003127155590288311,2024-04-03 21:00:00,2024-04-03 21:15:00,0 days 00:15:00
-10,2222,2233,65487.762,65550.0,-622.3799999999756,-0.0009503760412516993,2024-04-03 21:30:00,2024-04-04 00:15:00,0 days 02:45:00
-10,2234,2235,65304.13,65507.0,-2028.7000000000262,-0.0031065416536442125,2024-04-04 00:30:00,2024-04-04 00:45:00,0 days 00:15:00
10,2236,2319,65747.232,67677.0,19297.679999999964,0.02935131930725232,2024-04-04 01:00:00,2024-04-04 21:45:00,0 days 20:45:00
-10,2320,2321,67475.778,67859.0,-3832.219999999943,-0.005679400984453853,2024-04-04 22:00:00,2024-04-04 22:15:00,0 days 00:15:00
10,2322,2327,68056.842,67607.0,-4498.420000000042,-0.006609798321232763,2024-04-04 22:30:00,2024-04-04 23:45:00,0 days 01:15:00
-10,2328,2331,67528.672,66862.0,6666.720000000059,0.009872428707023984,2024-04-05 00:00:00,2024-04-05 00:45:00,0 days 00:45:00
10,2332,2346,67033.8,66666.0,-3678.000000000029,-0.005486784278975754,2024-04-05 01:00:00,2024-04-05 04:30:00,0 days 03:30:00
-10,2347,2349,66616.5,66967.0,-3505.0,-0.005261459248084188,2024-04-05 04:45:00,2024-04-05 05:15:00,0 days 00:30:00
-10,2350,2351,66727.278,67222.0,-4947.219999999943,-0.007414089332401508,2024-04-05 05:30:00,2024-04-05 05:45:00,0 days 00:15:00
10,2352,2354,67195.122,66839.0,-3561.2200000000303,-0.005299819233902214,2024-04-05 06:00:00,2024-04-05 06:30:00,0 days 00:30:00
-10,2355,2360,66683.366,66925.0,-2416.3400000000547,-0.0036236023238540582,2024-04-05 06:45:00,2024-04-05 08:00:00,0 days 01:15:00
-10,2361,2362,66645.442,66960.0,-3145.5800000000454,-0.004719872665860603,2024-04-05 08:15:00,2024-04-05 08:30:00,0 days 00:15:00
9,2363,2429,67511.754,68059.0,4925.213999999993,0.008105936634382305,2024-04-05 08:45:00,2024-04-06 01:15:00,0 days 16:30:00
9,2430,2434,68224.176,68037.0,-1684.5840000000608,-0.002743543579038721,2024-04-06 01:30:00,2024-04-06 02:30:00,0 days 01:00:00
-9,2435,2441,67916.894,68141.0,-2016.953999999998,-0.0032997092004825035,2024-04-06 02:45:00,2024-04-06 04:15:00,0 days 01:30:00
-9,2442,2463,67880.966,68072.0,-1719.3059999999969,-0.002814249873815955,2024-04-06 04:30:00,2024-04-06 09:45:00,0 days 05:15:00
9,2464,2470,68189.106,68006.0,-1647.953999999998,-0.0026852676437787437,2024-04-06 10:00:00,2024-04-06 11:30:00,0 days 01:30:00
-9,2471,2472,67888.95,68173.0,-2556.450000000026,-0.004184038786871902,2024-04-06 11:45:00,2024-04-06 12:00:00,0 days 00:15:00
9,2473,2525,68284.296,69381.0,9870.335999999981,0.016060852410340498,2024-04-06 12:15:00,2024-04-07 01:15:00,0 days 13:00:00
-9,2526,2530,69150.422,69468.0,-2858.2019999999466,-0.004592567779268197,2024-04-07 01:30:00,2024-04-07 02:30:00,0 days 01:00:00
9,2531,2538,69565.854,69410.0,-1402.6860000000597,-0.00224038074771582,2024-04-07 02:45:00,2024-04-07 04:30:00,0 days 01:45:00
-9,2539,2542,69136.45,69433.0,-2668.950000000026,-0.00428934375427148,2024-04-07 04:45:00,2024-04-07 05:30:00,0 days 00:45:00
9,2543,2544,69652.026,69381.0,-2439.233999999982,-0.003891143094674643,2024-04-07 05:45:00,2024-04-07 06:00:00,0 days 00:15:00
-9,2545,2547,69194.334,69441.0,-2219.993999999977,-0.0035648294555445936,2024-04-07 06:15:00,2024-04-07 06:45:00,0 days 00:30:00
-9,2548,2551,69266.19,69427.0,-1447.289999999979,-0.002321623291247743,2024-04-07 07:00:00,2024-04-07 07:45:00,0 days 00:45:00
-9,2552,2553,69238.246,69506.0,-2409.7860000000073,-0.003867140135236813,2024-04-07 08:00:00,2024-04-07 08:15:00,0 days 00:15:00
9,2554,2557,69604.932,69355.0,-2249.3880000000063,-0.0035907225654642216,2024-04-07 08:30:00,2024-04-07 09:15:00,0 days 00:45:00
-9,2558,2559,69209.304,69554.0,-3102.2639999999665,-0.004980486438644016,2024-04-07 09:30:00,2024-04-07 09:45:00,0 days 00:15:00
9,2560,2573,69779.28,69610.0,-1523.5199999999895,-0.0024259350340101182,2024-04-07 10:00:00,2024-04-07 13:15:00,0 days 03:15:00
-9,2574,2601,69481.758,69572.0,-812.1779999999853,-0.0012987869420344467,2024-04-07 13:30:00,2024-04-07 20:15:00,0 days 06:45:00
9,2602,2604,69917.556,69506.0,-3704.0039999999717,-0.0058863041494184865,2024-04-07 20:30:00,2024-04-07 21:00:00,0 days 00:30:00
-9,2605,2611,69213.296,69520.0,-2760.335999999981,-0.004431287306415843,2024-04-07 21:15:00,2024-04-07 22:45:00,0 days 01:30:00
9,2612,2613,69698.118,69370.0,-2953.06200000002,-0.0047077024375321574,2024-04-07 23:00:00,2024-04-07 23:15:00,0 days 00:15:00
-9,2614,2617,69230.262,69651.0,-3786.641999999978,-0.006077371193539571,2024-04-07 23:30:00,2024-04-08 00:15:00,0 days 00:45:00
-9,2618,2619,69413.894,69733.0,-2871.953999999998,-0.004597148807125029,2024-04-08 00:30:00,2024-04-08 00:45:00,0 days 00:15:00
9,2620,2623,69869.46,69660.0,-1885.1400000000576,-0.0029978763253645235,2024-04-08 01:00:00,2024-04-08 01:45:00,0 days 00:45:00
9,2624,2655,69937.596,71478.0,13863.635999999955,0.022025406764052846,2024-04-08 02:00:00,2024-04-08 09:45:00,0 days 07:45:00
8,2656,2666,71950.614,71330.0,-4964.912000000011,-0.008625555301029153,2024-04-08 10:00:00,2024-04-08 12:30:00,0 days 02:30:00
-8,2667,2668,71411.89,71743.0,-2648.8800000000047,-0.004636622836897253,2024-04-08 12:45:00,2024-04-08 13:00:00,0 days 00:15:00
8,2669,2678,71924.562,71587.0,-2700.496000000043,-0.004693278493652864,2024-04-08 13:15:00,2024-04-08 15:30:00,0 days 02:15:00
8,2679,2694,71907.528,71502.0,-3244.2240000000456,-0.005639576429327442,2024-04-08 15:45:00,2024-04-08 19:30:00,0 days 03:45:00
-8,2695,2702,71364.984,71611.0,-1968.128000000026,-0.003447292862841511,2024-04-08 19:45:00,2024-04-08 21:30:00,0 days 01:45:00
-8,2703,2705,71395.922,71663.0,-2136.6239999999525,-0.003740801890617762,2024-04-08 21:45:00,2024-04-08 22:15:00,0 days 00:30:00
-8,2706,2714,71436.84,71317.0,958.7199999999721,0.0016775658049823505,2024-04-08 22:30:00,2024-04-09 00:30:00,0 days 02:00:00
-8,2715,2718,70934.846,71219.0,-2273.23199999996,-0.0040058450257296485,2024-04-09 00:45:00,2024-04-09 01:30:00,0 days 00:45:00
-8,2719,2729,70693.33,70783.0,-717.359999999986,-0.0012684364988888586,2024-04-09 01:45:00,2024-04-09 04:15:00,0 days 02:30:00
8,2730,2731,70739.196,70550.0,-1513.5679999999702,-0.0026745568326786984,2024-04-09 04:30:00,2024-04-09 04:45:00,0 days 00:15:00
-8,2732,2736,70304.11,70619.0,-2519.1199999999953,-0.004478970006163152,2024-04-09 05:00:00,2024-04-09 06:00:00,0 days 01:00:00
8,2737,2747,71071.86,70575.0,-3974.8800000000047,-0.006990952537333395,2024-04-09 06:15:00,2024-04-09 08:45:00,0 days 02:30:00
-8,2748,2809,69847.026,69345.0,4016.207999999984,0.007187507167448981,2024-04-09 09:00:00,2024-04-10 00:15:00,0 days 15:15:00
8,2810,2812,69529.782,69330.0,-1598.2560000000522,-0.00287332987754807,2024-04-10 00:30:00,2024-04-10 01:00:00,0 days 00:30:00
-8,2813,2814,69168.386,69528.0,-2876.912000000011,-0.005199109315634498,2024-04-10 01:15:00,2024-04-10 01:30:00,0 days 00:15:00
8,2815,2821,69694.11,69085.0,-4872.880000000005,-0.008739762944099616,2024-04-10 01:45:00,2024-04-10 03:15:00,0 days 01:30:00
-8,2822,2846,68991.74,68612.0,3037.920000000042,0.005504137161926992,2024-04-10 03:30:00,2024-04-10 09:30:00,0 days 06:00:00
8,2847,2849,68972.67,68373.0,-4797.359999999986,-0.008694313269299259,2024-04-10 09:45:00,2024-04-10 10:15:00,0 days 00:30:00
8,2850,2851,68759.244,68484.0,-2201.9520000000484,-0.004003010853348088,2024-04-10 10:30:00,2024-04-10 10:45:00,0 days 00:15:00
8,2852,2906,68779.284,70617.0,14701.728000000003,0.0267190335973837,2024-04-10 11:00:00,2024-04-11 00:30:00,0 days 13:30:00
-8,2907,2909,70401.914,70809.0,-3256.6879999999655,-0.005782314384236598,2024-04-11 00:45:00,2024-04-11 01:15:00,0 days 00:30:00
8,2910,2916,70847.412,70786.0,-491.295999999973,-0.0008668206539428347,2024-04-11 01:30:00,2024-04-11 03:00:00,0 days 01:30:00
8,2917,2923,70991.7,70792.0,-1597.5999999999767,-0.002813004900572791,2024-04-11 03:15:00,2024-04-11 04:45:00,0 days 01:30:00
-8,2924,2935,70497.722,70882.0,-3074.2240000000456,-0.005450927903741354,2024-04-11 05:00:00,2024-04-11 07:45:00,0 days 02:45:00
8,2936,2939,71078.874,69894.0,-9478.99199999997,-0.016669847639961155,2024-04-11 08:00:00,2024-04-11 08:45:00,0 days 00:45:00
-8,2940,2963,70214.29,70554.0,-2717.680000000051,-0.004838188921372,2024-04-11 09:00:00,2024-04-11 14:45:00,0 days 05:45:00
8,2964,2970,70618.956,70287.0,-2655.6480000000447,-0.004700664223923234,2024-04-11 15:00:00,2024-04-11 16:30:00,0 days 01:30:00
-8,2971,2989,70051.616,70558.0,-4051.0720000000438,-0.007228726886186365,2024-04-11 16:45:00,2024-04-11 21:15:00,0 days 04:30:00
8,2990,3001,70873.464,71083.0,1676.2879999999423,0.0029564802984654026,2024-04-11 21:30:00,2024-04-12 00:15:00,0 days 02:45:00
8,3002,3003,71227.17,71002.0,-1801.359999999986,-0.003161293646792296,2024-04-12 00:30:00,2024-04-12 00:45:00,0 days 00:15:00
-8,3004,3025,70872.97,70883.0,-80.23999999999069,-0.0001415208082855557,2024-04-12 01:00:00,2024-04-12 06:15:00,0 days 05:15:00
-8,3026,3027,70710.296,70992.0,-2253.6319999999832,-0.003983917702734541,2024-04-12 06:30:00,2024-04-12 06:45:00,0 days 00:15:00
8,3028,3031,71112.942,70440.0,-5383.535999999964,-0.009463003232238587,2024-04-12 07:00:00,2024-04-12 07:45:00,0 days 00:45:00
-8,3032,3097,70418.88,67800.0,20951.040000000037,0.03719002631112567,2024-04-12 08:00:00,2024-04-13 00:15:00,0 days 16:15:00
-8,3098,3117,67592.544,67488.0,836.3519999999553,0.0015466794680785156,2024-04-13 00:30:00,2024-04-13 05:15:00,0 days 04:45:00
-9,3118,3120,67246.238,67486.0,-2157.858000000022,-0.0035654336529575836,2024-04-13 05:30:00,2024-04-13 06:00:00,0 days 00:30:00
8,3121,3124,67744.218,67417.0,-2617.743999999948,-0.004830198202302571,2024-04-13 06:15:00,2024-04-13 07:00:00,0 days 00:45:00
-8,3125,3127,67150.43,67506.0,-2844.560000000056,-0.005295126181619425,2024-04-13 07:15:00,2024-04-13 07:45:00,0 days 00:30:00
8,3128,3141,67705.14,67531.0,-1393.1199999999953,-0.0025720351512454886,2024-04-13 08:00:00,2024-04-13 11:15:00,0 days 03:15:00
-8,3142,3143,67318.094,67586.0,-2143.2480000000214,-0.00397970269330572,2024-04-13 11:30:00,2024-04-13 11:45:00,0 days 00:15:00
-8,3144,3169,67353.024,65111.0,17936.19200000004,0.03328765164278302,2024-04-13 12:00:00,2024-04-13 18:15:00,0 days 06:15:00
-9,3170,3193,64419.902,64436.0,-144.88199999998324,-0.0002498917182456317,2024-04-13 18:30:00,2024-04-14 00:15:00,0 days 05:45:00
9,3194,3197,64522.788,64260.0,-2365.092000000004,-0.004072793630678251,2024-04-14 00:30:00,2024-04-14 01:15:00,0 days 00:45:00
9,3198,3209,64845.432,64436.0,-3684.8880000000063,-0.006313968268420234,2024-04-14 01:30:00,2024-04-14 04:15:00,0 days 02:45:00
-9,3210,3215,64239.264,64559.0,-2877.6239999999743,-0.00497726748550531,2024-04-14 04:30:00,2024-04-14 05:45:00,0 days 01:15:00
9,3216,3217,64629.0,64281.0,-3132.0,-0.0053845796778535515,2024-04-14 06:00:00,2024-04-14 06:15:00,0 days 00:15:00
-9,3218,3223,64037.668,64569.0,-4781.988000000019,-0.008297179091530937,2024-04-14 06:30:00,2024-04-14 07:45:00,0 days 01:15:00
9,3224,3228,64717.176,64401.0,-2845.5839999999953,-0.00488550365671081,2024-04-14 08:00:00,2024-04-14 09:00:00,0 days 01:00:00
-9,3229,3234,63960.822,64363.0,-3619.601999999999,-0.006287880415295488,2024-04-14 09:15:00,2024-04-14 10:30:00,0 days 01:15:00
-9,3235,3237,64009.724,64393.0,-3449.483999999982,-0.005987777732020749,2024-04-14 10:45:00,2024-04-14 11:15:00,0 days 00:30:00
9,3238,3241,64860.462,63832.0,-9256.157999999996,-0.015856532135093304,2024-04-14 11:30:00,2024-04-14 12:15:00,0 days 00:45:00
-9,3242,3245,63025.695999999996,64318.0,-11630.736000000034,-0.020504398713819816,2024-04-14 12:30:00,2024-04-14 13:15:00,0 days 00:45:00
8,3246,3249,64529.802,64135.0,-3158.4160000000265,-0.006118134377663287,2024-04-14 13:30:00,2024-04-14 14:15:00,0 days 00:45:00
-8,3250,3251,63920.902,64312.0,-3128.783999999985,-0.006118468102968899,2024-04-14 14:30:00,2024-04-14 14:45:00,0 days 00:15:00
-8,3252,3261,64070.602,64963.0,-7139.184000000008,-0.01392835359967437,2024-04-14 15:00:00,2024-04-14 17:15:00,0 days 02:15:00
8,3262,3289,65523.786,64995.0,-4230.2880000000005,-0.00807013807169199,2024-04-14 17:30:00,2024-04-15 00:15:00,0 days 06:45:00
8,3290,3315,65275.29,66020.0,5957.679999999993,0.01140875819931253,2024-04-15 00:30:00,2024-04-15 06:45:00,0 days 06:15:00
-8,3316,3322,65749.238,66214.0,-3718.0960000000196,-0.007068705495872019,2024-04-15 07:00:00,2024-04-15 08:30:00,0 days 01:30:00
8,3323,3324,66379.494,65890.0,-3915.9520000000484,-0.007374174922152976,2024-04-15 08:45:00,2024-04-15 09:00:00,0 days 00:15:00
-8,3325,3385,65109.52,62577.0,20260.159999999974,0.038896308865431606,2024-04-15 09:15:00,2024-04-16 00:15:00,0 days 15:00:00
9,3386,3406,62859.468,61934.0,-8329.212000000007,-0.014722809935330705,2024-04-16 00:30:00,2024-04-16 05:30:00,0 days 05:00:00
-9,3407,3412,62215.32,63141.0,-8331.120000000003,-0.01487865046744119,2024-04-16 05:45:00,2024-04-16 07:00:00,0 days 01:15:00
8,3413,3419,63112.974,62593.0,-4159.792000000016,-0.008238781458785316,2024-04-16 07:15:00,2024-04-16 08:45:00,0 days 01:30:00
-8,3420,3421,62598.552,62887.0,-2307.5839999999735,-0.004607902112496065,2024-04-16 09:00:00,2024-04-16 09:15:00,0 days 00:15:00
-8,3422,3432,62315.12,62721.0,-3247.039999999979,-0.006513347001498193,2024-04-16 09:30:00,2024-04-16 12:00:00,0 days 02:30:00
8,3433,3436,62932.614,62493.0,-3516.912000000011,-0.006985471793687137,2024-04-16 12:15:00,2024-04-16 13:00:00,0 days 00:45:00
8,3437,3482,62918.586,64222.0,10427.311999999976,0.020715881949413095,2024-04-16 13:15:00,2024-04-17 00:30:00,0 days 11:15:00
-8,3483,3534,63991.76,61853.0,17110.080000000016,0.03342242813762275,2024-04-17 00:45:00,2024-04-17 13:30:00,0 days 12:45:00
9,3535,3536,61987.728,61500.0,-4389.552000000025,-0.00786813802886921,2024-04-17 13:45:00,2024-04-17 14:00:00,0 days 00:15:00
-9,3537,3552,61052.65,61690.0,-5736.149999999987,-0.010439350298471872,2024-04-17 14:15:00,2024-04-17 18:00:00,0 days 03:45:00
-9,3553,3564,61444.864,61642.0,-1774.2239999999874,-0.003208339756435974,2024-04-17 18:15:00,2024-04-17 21:00:00,0 days 02:45:00
8,3565,3566,61849.452,61519.0,-2643.61599999998,-0.005342844428112281,2024-04-17 21:15:00,2024-04-17 21:30:00,0 days 00:15:00
8,3567,3577,61748.25,61601.0,-1178.0,-0.0023846829667237834,2024-04-17 21:45:00,2024-04-18 00:15:00,0 days 02:30:00
8,3578,3580,61817.388,61037.0,-6243.103999999992,-0.012624085637523152,2024-04-18 00:30:00,2024-04-18 01:00:00,0 days 00:30:00
-8,3581,3585,61066.622,61171.0,-835.0239999999758,-0.001709247975104855,2024-04-18 01:15:00,2024-04-18 02:15:00,0 days 01:00:00
8,3586,3587,61281.318,60981.0,-2402.5439999999944,-0.004900645250482394,2024-04-18 02:30:00,2024-04-18 02:45:00,0 days 00:15:00
-8,3588,3591,61002.75,61364.0,-2890.0,-0.005921864178254355,2024-04-18 03:00:00,2024-04-18 03:45:00,0 days 00:45:00
8,3592,3629,61407.57,62367.0,7675.440000000002,0.01562396948780087,2024-04-18 04:00:00,2024-04-18 13:15:00,0 days 09:15:00
8,3630,3657,62977.704,62081.0,-7173.631999999983,-0.014238435875655209,2024-04-18 13:30:00,2024-04-18 20:15:00,0 days 06:45:00
-8,3658,3669,61912.926,62313.0,-3200.592000000004,-0.006461881643261336,2024-04-18 20:30:00,2024-04-18 23:15:00,0 days 02:45:00
-8,3670,3671,62063.624,62517.0,-3627.0079999999725,-0.00730501976487874,2024-04-18 23:30:00,2024-04-18 23:45:00,0 days 00:15:00
8,3672,3673,62630.01,62162.0,-3744.0800000000163,-0.00747261576359326,2024-04-19 00:00:00,2024-04-19 00:15:00,0 days 00:15:00
-8,3674,3675,61911.928,62167.0,-2040.576000000001,-0.004119916924570699,2024-04-19 00:30:00,2024-04-19 00:45:00,0 days 00:15:00
-8,3676,3679,61969.812,63654.0,-13473.504000000015,-0.02717755542004885,2024-04-19 01:00:00,2024-04-19 01:45:00,0 days 00:45:00
7,3680,3710,64715.172,63981.0,-5139.203999999991,-0.01134466582272231,2024-04-19 02:00:00,2024-04-19 09:30:00,0 days 07:30:00
7,3711,3716,64598.94,64407.0,-1343.5800000000163,-0.002971256184699067,2024-04-19 09:45:00,2024-04-19 11:00:00,0 days 01:15:00
-7,3717,3723,63966.81,64450.0,-3382.3300000000163,-0.0075537610832867585,2024-04-19 11:15:00,2024-04-19 12:45:00,0 days 01:30:00
7,3724,3726,64781.304000000004,64256.0,-3677.128000000026,-0.008108882772721038,2024-04-19 13:00:00,2024-04-19 13:30:00,0 days 00:30:00
-7,3727,3740,64067.608,64386.0,-2228.743999999999,-0.004969625212166484,2024-04-19 13:45:00,2024-04-19 17:00:00,0 days 03:15:00
7,3741,3742,64601.946,64260.0,-2393.622000000025,-0.005293122284582674,2024-04-19 17:15:00,2024-04-19 17:30:00,0 days 00:15:00
-7,3743,3770,64061.62,64131.0,-485.65999999998166,-0.0010830197550419918,2024-04-19 17:45:00,2024-04-20 00:30:00,0 days 06:45:00
7,3771,3773,64390.524,64063.0,-2292.6679999999833,-0.005086524843313844,2024-04-20 00:45:00,2024-04-20 01:15:00,0 days 00:30:00
-7,3774,3799,63956.83,63844.0,789.8100000000122,0.0017641587301935324,2024-04-20 01:30:00,2024-04-20 07:45:00,0 days 06:15:00
7,3800,3806,63959.664,63847.0,-788.6479999999792,-0.0017614851760321404,2024-04-20 08:00:00,2024-04-20 09:30:00,0 days 01:30:00
7,3807,3866,64042.83,65076.0,7232.189999999988,0.01613248508849474,2024-04-20 09:45:00,2024-04-21 00:30:00,0 days 14:45:00
-7,3867,3870,64939.86,65130.0,-1330.979999999996,-0.002927939789214129,2024-04-21 00:45:00,2024-04-21 01:30:00,0 days 00:45:00
7,3871,3872,65209.158,65009.0,-1401.1060000000216,-0.0030694768363671576,2024-04-21 01:45:00,2024-04-21 02:00:00,0 days 00:15:00
-7,3873,3876,64860.02,65104.0,-1707.8600000000224,-0.00376163929644191,2024-04-21 02:15:00,2024-04-21 03:00:00,0 days 00:45:00
7,3877,3878,65204.148,64997.0,-1450.0360000000073,-0.0031769144502893365,2024-04-21 03:15:00,2024-04-21 03:30:00,0 days 00:15:00
-7,3879,3889,64824.092,65179.0,-2484.3560000000216,-0.00547493978010527,2024-04-21 03:45:00,2024-04-21 06:15:00,0 days 02:30:00
7,3890,3896,65291.322,64946.0,-2417.254000000001,-0.005288941767789601,2024-04-21 06:30:00,2024-04-21 08:00:00,0 days 01:30:00
-7,3897,3898,64900.938,65099.0,-1386.4339999999866,-0.003051758666415605,2024-04-21 08:15:00,2024-04-21 08:30:00,0 days 00:15:00
-7,3899,3907,64844.052,65105.0,-1826.6359999999768,-0.004024239570963317,2024-04-21 08:45:00,2024-04-21 10:45:00,0 days 02:00:00
7,3908,3909,65198.136,64484.0,-4998.95199999999,-0.01095331927894383,2024-04-21 11:00:00,2024-04-21 11:15:00,0 days 00:15:00
-7,3910,3929,64518.704,64962.0,-3103.0720000000147,-0.006870813772080764,2024-04-21 11:30:00,2024-04-21 16:15:00,0 days 04:45:00
7,3930,3931,65061.864,64736.0,-2281.04800000001,-0.005008525424356147,2024-04-21 16:30:00,2024-04-21 16:45:00,0 days 00:15:00
-7,3932,3933,64546.648,65026.0,-3355.4639999999927,-0.00742644296571382,2024-04-21 17:00:00,2024-04-21 17:15:00,0 days 00:15:00
7,3934,3943,65079.9,64858.0,-1553.3000000000102,-0.003409654901129211,2024-04-21 17:30:00,2024-04-21 19:45:00,0 days 02:15:00
7,3944,3947,65012.766,64798.0,-1503.3620000000228,-0.0033034435113866722,2024-04-21 20:00:00,2024-04-21 20:45:00,0 days 00:45:00
-7,3948,3953,64549.642,65080.0,-3712.506000000001,-0.008216281044595153,2024-04-21 21:00:00,2024-04-21 22:15:00,0 days 01:15:00
7,3954,3969,65419.578,66074.0,4580.953999999991,0.01000345798623159,2024-04-21 22:30:00,2024-04-22 02:15:00,0 days 03:45:00
-7,3970,3974,65817.102,66134.0,-2218.2860000000073,-0.004814827611218764,2024-04-22 02:30:00,2024-04-22 03:30:00,0 days 01:00:00
-7,3975,3993,65930.874,66121.0,-1330.882000000027,-0.002883717270303565,2024-04-22 03:45:00,2024-04-22 08:15:00,0 days 04:30:00
7,3994,3995,66186.108,65882.0,-2128.7559999999503,-0.004594740636509331,2024-04-22 08:30:00,2024-04-22 08:45:00,0 days 00:15:00
6,3996,4000,66203.142,66013.0,-1140.8520000000426,-0.002872099333291578,2024-04-22 09:00:00,2024-04-22 10:00:00,0 days 01:00:00
-7,4001,4005,65601.534,66204.0,-4217.262000000002,-0.009183718173419564,2024-04-22 10:15:00,2024-04-22 11:15:00,0 days 01:00:00
6,4006,4056,66342.42,66246.0,-578.5199999999895,-0.001453368749587347,2024-04-22 11:30:00,2024-04-23 00:00:00,0 days 12:30:00
6,4058,4064,66467.67,66391.0,-460.0199999999895,-0.001153493119286364,2024-04-23 00:30:00,2024-04-23 02:00:00,0 days 01:30:00
-6,4065,4073,66167.4,66318.0,-903.6000000000349,-0.0022760453032764083,2024-04-23 02:15:00,2024-04-23 04:15:00,0 days 02:00:00
-6,4074,4079,66109.516,66311.0,-1208.9039999999804,-0.003047730677683269,2024-04-23 04:30:00,2024-04-23 05:45:00,0 days 01:15:00
-6,4080,4091,66106.522,66411.0,-1826.8680000000168,-0.004605869296829823,2024-04-23 06:00:00,2024-04-23 08:45:00,0 days 02:45:00
6,4092,4116,66662.058,66420.0,-1452.3480000000272,-0.0036311210193961108,2024-04-23 09:00:00,2024-04-23 15:00:00,0 days 06:00:00
-6,4117,4122,66060.614,66433.0,-2234.3159999999916,-0.005637035102338039,2024-04-23 15:15:00,2024-04-23 16:30:00,0 days 01:15:00
-6,4123,4132,66153.428,66407.0,-1521.4320000000007,-0.003833089344969398,2024-04-23 16:45:00,2024-04-23 19:00:00,0 days 02:15:00
6,4133,4153,66730.194,66965.0,1408.8359999999811,0.003518736960363089,2024-04-23 19:15:00,2024-04-24 00:15:00,0 days 05:00:00
-6,4154,4160,66645.442,66769.0,-741.3480000000272,-0.0018539602453233606,2024-04-24 00:30:00,2024-04-24 02:00:00,0 days 01:30:00
6,4161,4163,66939.612,66630.0,-1857.6719999999623,-0.00462524342089099,2024-04-24 02:15:00,2024-04-24 02:45:00,0 days 00:30:00
-6,4164,4181,66471.79,66603.0,-787.2600000000384,-0.0019739200644364185,2024-04-24 03:00:00,2024-04-24 07:15:00,0 days 04:15:00
6,4182,4183,66800.334,66486.0,-1886.0040000000154,-0.0047055752745188695,2024-04-24 07:30:00,2024-04-24 07:45:00,0 days 00:15:00
-6,4184,4251,66238.258,64275.0,11779.54800000001,0.029639336227712976,2024-04-24 08:00:00,2024-04-25 00:45:00,0 days 16:45:00
7,4252,4259,64317.378,63903.0,-2900.645999999979,-0.006442706666307196,2024-04-25 01:00:00,2024-04-25 02:45:00,0 days 01:45:00
-7,4260,4265,63852.04,64116.0,-1847.719999999994,-0.004133932134353202,2024-04-25 03:00:00,2024-04-25 04:15:00,0 days 01:15:00
-7,4266,4277,63887.968,64023.0,-945.2239999999947,-0.0021135748127096843,2024-04-25 04:30:00,2024-04-25 07:15:00,0 days 02:45:00
7,4278,4279,64179.102,63722.0,-3199.7139999999927,-0.007122287251697612,2024-04-25 07:30:00,2024-04-25 07:45:00,0 days 00:15:00
-7,4280,4285,63238.27,63736.0,-3484.1100000000224,-0.007870708670556725,2024-04-25 08:00:00,2024-04-25 09:15:00,0 days 01:15:00
-6,4286,4291,63520.704,63830.0,-1855.7760000000126,-0.004869215555293627,2024-04-25 09:30:00,2024-04-25 10:45:00,0 days 01:15:00
6,4292,4329,64248.24,64064.0,-1105.4399999999878,-0.002867627191032729,2024-04-25 11:00:00,2024-04-25 20:15:00,0 days 09:15:00
6,4330,4346,64253.25,64170.0,-499.5,-0.0012956543054242209,2024-04-25 20:30:00,2024-04-26 00:30:00,0 days 04:00:00
6,4347,4353,64434.612,64263.0,-1029.672000000006,-0.002663351181504736,2024-04-26 00:45:00,2024-04-26 02:15:00,0 days 01:30:00
6,4354,4355,64580.904,64300.0,-1685.4240000000136,-0.004349644904320327,2024-04-26 02:30:00,2024-04-26 02:45:00,0 days 00:15:00
-6,4356,4357,64124.494,64417.0,-1755.0360000000073,-0.004561533070342794,2024-04-26 03:00:00,2024-04-26 03:15:00,0 days 00:15:00
6,4358,4366,64485.714,64317.0,-1012.2839999999997,-0.0026163004103513243,2024-04-26 03:30:00,2024-04-26 05:30:00,0 days 02:00:00
-6,4367,4373,64141.46,64369.0,-1365.2400000000052,-0.003547471479445674,2024-04-26 05:45:00,2024-04-26 07:15:00,0 days 01:30:00
-6,4374,4375,64147.448,64407.0,-1557.31200000002,-0.00404617811140362,2024-04-26 07:30:00,2024-04-26 07:45:00,0 days 00:15:00
-6,4376,4380,63993.756,64528.0,-3205.4639999999927,-0.00834837698852997,2024-04-26 08:00:00,2024-04-26 09:00:00,0 days 01:00:00
6,4381,4383,64878.498,64051.0,-4964.987999999998,-0.0127545801075728,2024-04-26 09:15:00,2024-04-26 09:45:00,0 days 00:30:00
-6,4384,4442,63715.314,63015.0,4201.883999999991,0.01099129794761744,2024-04-26 10:00:00,2024-04-27 00:30:00,0 days 14:30:00
6,4443,4446,63193.134,62952.0,-1446.8039999999892,-0.003815825940837181,2024-04-27 00:45:00,2024-04-27 01:30:00,0 days 00:45:00
-6,4447,4448,62852.044,63019.0,-1001.7359999999899,-0.002656333658774823,2024-04-27 01:45:00,2024-04-27 02:00:00,0 days 00:15:00
6,4449,4452,63237.222,62978.0,-1555.3320000000094,-0.004099199677050969,2024-04-27 02:15:00,2024-04-27 03:00:00,0 days 00:45:00
-6,4453,4454,62844.06,63002.0,-947.640000000014,-0.0025132049075122787,2024-04-27 03:15:00,2024-04-27 03:30:00,0 days 00:15:00
6,4455,4457,63143.034,62914.0,-1374.203999999998,-0.0036272251346046724,2024-04-27 03:45:00,2024-04-27 04:15:00,0 days 00:30:00
-6,4458,4469,62848.052,63109.0,-1565.68799999998,-0.0041520459536279475,2024-04-27 04:30:00,2024-04-27 07:15:00,0 days 02:45:00
6,4470,4483,63076.902,62965.0,-671.4120000000112,-0.0017740566903555743,2024-04-27 07:30:00,2024-04-27 10:45:00,0 days 03:15:00
-6,4484,4491,62813.122,63279.0,-2795.267999999982,-0.007416889738421251,2024-04-27 11:00:00,2024-04-27 12:45:00,0 days 01:45:00
6,4492,4537,63549.846,63811.0,1566.9240000000136,0.004109435607444256,2024-04-27 13:00:00,2024-04-28 00:15:00,0 days 11:15:00
6,4538,4542,63997.74,63788.0,-1258.4399999999878,-0.0032773032297702676,2024-04-28 00:30:00,2024-04-28 01:30:00,0 days 01:00:00
6,4543,4547,64055.856,63882.0,-1043.1359999999986,-0.0027141312419586283,2024-04-28 01:45:00,2024-04-28 02:45:00,0 days 01:00:00
-6,4548,4571,63775.194,63774.0,7.164000000018859,1.872201282526742e-05,2024-04-28 03:00:00,2024-04-28 08:45:00,0 days 05:45:00
6,4572,4573,63876.498,63688.0,-1130.9879999999976,-0.0029509758033384736,2024-04-28 09:00:00,2024-04-28 09:15:00,0 days 00:15:00
-6,4574,4582,63476.792,63684.0,-1243.2479999999923,-0.0032643111517041135,2024-04-28 09:30:00,2024-04-28 11:30:00,0 days 02:00:00
-6,4583,4584,63537.67,63694.0,-937.9800000000105,-0.0024604301668600392,2024-04-28 11:45:00,2024-04-28 12:00:00,0 days 00:15:00
6,4585,4586,63842.43,63596.0,-1478.5800000000017,-0.0038599721219885197,2024-04-28 12:15:00,2024-04-28 12:30:00,0 days 00:15:00
6,4587,4597,63831.408,63628.0,-1220.4480000000185,-0.003186644418058271,2024-04-28 12:45:00,2024-04-28 15:15:00,0 days 02:30:00
-6,4598,4602,63483.778,63699.0,-1291.3320000000094,-0.003390188907786751,2024-04-28 15:30:00,2024-04-28 16:30:00,0 days 01:00:00
-6,4603,4633,63548.648,62531.0,6105.888000000006,0.01601368450828411,2024-04-28 16:45:00,2024-04-29 00:15:00,0 days 07:30:00
-6,4634,4635,62234.282,62390.0,-934.3080000000045,-0.002502125757632978,2024-04-29 00:30:00,2024-04-29 00:45:00,0 days 00:15:00
6,4636,4637,62551.854,62323.0,-1373.1239999999962,-0.0036586285675881403,2024-04-29 01:00:00,2024-04-29 01:15:00,0 days 00:15:00
-6,4638,4643,62183.384,62304.0,-723.6960000000108,-0.0019396821504600315,2024-04-29 01:30:00,2024-04-29 02:45:00,0 days 01:15:00
6,4644,4650,62513.778,62292.0,-1330.6679999999906,-0.0035476659241423514,2024-04-29 03:00:00,2024-04-29 04:30:00,0 days 01:30:00
6,4651,4657,62467.686,62357.0,-664.1160000000091,-0.0017718921107466867,2024-04-29 04:45:00,2024-04-29 06:15:00,0 days 01:30:00
-6,4658,4663,62229.292,62463.0,-1402.2479999999923,-0.0037555947125349487,2024-04-29 06:30:00,2024-04-29 07:45:00,0 days 01:15:00
6,4664,4667,62796.342,61970.0,-4958.0519999999815,-0.013159078597285156,2024-04-29 08:00:00,2024-04-29 08:45:00,0 days 00:45:00
-6,4668,4670,61876.0,62817.0,-5646.0,-0.015207835024888539,2024-04-29 09:00:00,2024-04-29 09:30:00,0 days 00:30:00
6,4671,4730,62887.524,63360.0,2834.8560000000143,0.007513032314644841,2024-04-29 09:45:00,2024-04-30 00:30:00,0 days 14:45:00
-6,4731,4732,63022.702,63289.0,-1597.788000000015,-0.0042254297506951755,2024-04-30 00:45:00,2024-04-30 01:00:00,0 days 00:15:00
-6,4733,4734,63116.514,63358.0,-1448.915999999983,-0.0038260351324219677,2024-04-30 01:15:00,2024-04-30 01:30:00,0 days 00:15:00
6,4735,4739,63506.76,63260.0,-1480.5600000000122,-0.003885570606971589,2024-04-30 01:45:00,2024-04-30 02:45:00,0 days 01:00:00
-6,4740,4852,62979.788,57949.0,30184.728000000003,0.07987940511962344,2024-04-30 03:00:00,2024-05-01 07:00:00,1 days 04:00:00
7,4853,4858,58384.536,57731.0,-4574.752,-0.011193648948413348,2024-05-01 07:15:00,2024-05-01 08:30:00,0 days 01:15:00
-7,4859,4877,57426.916,57874.0,-3129.588000000018,-0.007785269193282263,2024-05-01 08:45:00,2024-05-01 13:15:00,0 days 04:30:00
7,4878,4883,58159.086,57535.0,-4368.602000000021,-0.010730670698642086,2024-05-01 13:30:00,2024-05-01 14:45:00,0 days 01:15:00
-7,4884,4890,56894.981999999996,58171.0,-8932.126000000026,-0.022427601787447626,2024-05-01 15:00:00,2024-05-01 16:30:00,0 days 01:30:00
6,4891,4903,57972.714,57739.0,-1402.2839999999997,-0.004031448312045605,2024-05-01 16:45:00,2024-05-01 19:45:00,0 days 03:00:00
-6,4904,4905,57672.424,57834.0,-969.4560000000056,-0.0028016162455735127,2024-05-01 20:00:00,2024-05-01 20:15:00,0 days 00:15:00
-6,4906,4921,57547.674,57456.0,550.0439999999944,0.0015930096497036583,2024-05-01 20:30:00,2024-05-02 00:15:00,0 days 03:45:00
-7,4922,4923,57191.388,57374.0,-1278.284000000007,-0.0031929982185430195,2024-05-02 00:30:00,2024-05-02 00:45:00,0 days 00:15:00
6,4924,4984,57593.958,58692.0,6588.252000000008,0.019065229029753494,2024-05-02 01:00:00,2024-05-02 16:00:00,0 days 15:00:00
6,4985,5017,58916.598,59488.0,3428.412000000011,0.00969848937985196,2024-05-02 16:15:00,2024-05-03 00:15:00,0 days 08:00:00
6,5018,5020,59715.192,59532.0,-1099.1520000000164,-0.0030677620529128147,2024-05-03 00:30:00,2024-05-03 01:00:00,0 days 00:30:00
-6,5021,5030,59382.996,59299.0,503.9759999999951,0.0014144789865435659,2024-05-03 01:15:00,2024-05-03 03:30:00,0 days 02:15:00
6,5031,5032,59454.672,59194.0,-1564.031999999992,-0.004384382105413032,2024-05-03 03:45:00,2024-05-03 04:00:00,0 days 00:15:00
-6,5033,5034,59141.48,59344.0,-1215.1199999999808,-0.003424330943358145,2024-05-03 04:15:00,2024-05-03 04:30:00,0 days 00:15:00
6,5035,5038,59567.898,59280.0,-1727.3880000000063,-0.004833106583683744,2024-05-03 04:45:00,2024-05-03 05:30:00,0 days 00:45:00
-6,5039,5044,58863.038,59256.0,-2357.771999999997,-0.006675870178498133,2024-05-03 05:45:00,2024-05-03 07:00:00,0 days 01:15:00
-6,5045,5047,58985.792,60391.0,-8431.247999999992,-0.02382282160422622,2024-05-03 07:15:00,2024-05-03 07:45:00,0 days 00:30:00
6,5048,5085,60713.184,62727.0,12082.895999999993,0.03316933600451599,2024-05-03 08:00:00,2024-05-03 17:15:00,0 days 09:15:00
